CREATE TABLE futar (
    fazon SERIAL PRIMARY KEY,
    fnev VARCHAR(25),
    ftel VARCHAR(12)
);

INSERT INTO futar VALUES 
(1, 'Hurrikán', '+36111111111'),
(2, 'Gyalogkakukk', '+36222222222'),
(3, 'Gömbvillám', '+36333333333'),
(4, 'Szélvész', '+36444444444'),
(5, 'Imperial', '+36555555555');


CREATE TABLE pizza (
    pazon INT PRIMARY KEY,
    pnev VARCHAR(15),
    par INT
);

INSERT INTO pizza (pazon, pnev, par) VALUES 
(1, 'Capricciosa', 1050),
(2, 'Frutti di Mare', 1350),
(3, 'Hawaii', 850),
(4, 'Vesuvio', 900),
(5, 'Sorrento', 1050);


CREATE TABLE vevo (
    vazon INT PRIMARY KEY,
    vnev VARCHAR(30),
    vcim VARCHAR(30)
);

INSERT INTO vevo (vazon, vnev, vcim) VALUES
(1, 'Hapci', 'Tölgyfa utca 12'),
(2, 'Vidor', 'Rózsa tér 5'),
(3, 'Tudor', 'Kossuth Lajos utca 8'),
(4, 'Kuka', 'Fenyves sor 2'),
(5, 'Szende', 'Petőfi Sándor utca 15'),
(6, 'Szundi', 'Álomsziget utca 7'),
(7, 'Morgó', 'Hegyi ösvény 3');


CREATE TABLE rendeles (
    razon INT PRIMARY KEY,
    vazon INT REFERENCES vevo(vazon),
    fazon INT REFERENCES futar(fazon),
    idopont TIMESTAMP
);

INSERT INTO rendeles VALUES 
(1, 4, 2, '2016-10-01 12:04:11'),
(2, 7, 2, '2016-10-01 13:18:44'),
(3, 1, 1, '2016-10-02 10:11:41'),
(4, 5, 2, '2016-10-02 10:24:59'),
(5, 2, 3, '2016-10-02 13:19:06'),
(6, 4, 2, '2016-10-03 13:14:38'),
(7, 6, 2, '2016-10-04 11:10:35'),
(8, 7, 4, '2016-10-04 15:34:58'),
(9, 1, 5, '2016-10-04 17:07:59'),
(10, 3, 5, '2016-10-04 20:21:51'),
(11, 2, 1, '2016-10-05 18:52:53'),
(12, 5, 2, '2016-10-05 19:59:02'),
(13, 6, 2, '2016-10-06 14:55:03'),
(14, 4, 3, '2016-10-06 15:01:14'),
(15, 1, 4, '2016-10-06 18:48:46'),
(16, 2, 5, '2016-10-06 19:11:03'),
(17, 7, 2, '2016-10-06 19:56:28'),
(18, 3, 2, '2016-10-07 12:45:30'),
(19, 4, 5, '2016-10-07 13:00:56'),
(20, 1, 1, '2016-10-07 15:42:50'),
(21, 5, 3, '2016-10-08 18:56:00'),
(22, 1, 2, '2024-01-11 10:30:00'),
(23, 2, 3, '2024-01-12 11:15:00'),
(24, 3, 1, '2024-01-13 12:00:00'),
(25, 4, 4, '2024-01-14 12:45:00'),
(26, 5, 5, '2024-01-15 13:30:00'),
(27, 6, 2, '2024-01-16 14:15:00'),
(28, 7, 3, '2024-01-17 15:00:00'),
(29, 1, 1, '2024-01-18 15:45:00'),
(30, 2, 2, '2024-01-19 16:30:00'),
(31, 3, 3, '2024-01-20 17:15:00'),
(32, 4, 4, '2024-01-21 18:00:00'),
(33, 5, 5, '2024-01-22 18:45:00'),
(34, 6, 1, '2024-01-23 19:30:00'),
(35, 7, 2, '2024-01-24 20:15:00'),
(36, 1, 3, '2024-01-25 21:00:00'),
(37, 2, 4, '2024-01-26 10:00:00'),
(38, 3, 5, '2024-01-27 10:45:00'),
(39, 4, 1, '2024-01-28 11:30:00'),
(40, 5, 2, '2024-01-29 12:15:00'),
(41, 1, 1, '2023-01-10 12:00:00'),
(42, 2, 2, '2023-01-11 13:00:00'),
(43, 3, 3, '2023-02-15 14:30:00'),
(44, 4, 4, '2023-02-20 17:15:00'),
(45, 5, 5, '2023-03-25 19:00:00'),
(46, 6, 1, '2023-04-01 10:45:00'),
(47, 7, 2, '2023-05-12 11:30:00'),
(48, 1, 3, '2023-06-08 12:15:00'),
(49, 2, 4, '2023-07-07 13:00:00'),
(50, 3, 5, '2023-08-14 14:00:00'),
(51, 4, 1, '2023-09-20 15:30:00'),
(52, 5, 2, '2023-10-28 16:45:00'),
(53, 6, 3, '2023-11-22 17:00:00'),
(54, 7, 4, '2023-12-15 18:30:00'),
(55, 1, 5, '2024-01-05 12:00:00'),
(56, 2, 1, '2024-02-14 13:30:00'),
(57, 3, 2, '2024-03-18 15:00:00'),
(58, 4, 3, '2024-04-20 16:15:00'),
(59, 5, 4, '2024-05-22 17:45:00'),
(60, 6, 5, '2024-06-30 18:30:00');

CREATE TABLE tetel (
razon INT REFERENCES rendeles(razon),
pazon INT REFERENCES pizza(pazon),
db INT NOT NULL default 0,
PRIMARY KEY (razon, pazon)
);

INSERT INTO tetel VALUES (1, 1, 2),
(1, 4, 3),
(2, 2, 1),
(3, 1, 2),
(4, 1, 1),
(4, 4, 1),
(5, 2, 4),
(6, 1, 1),
(6, 4, 1),
(6, 5, 1),
(7, 5, 5),
(8, 4, 3),
(9, 2, 1),
(10, 1, 1),
(10, 4, 1),
(11, 1, 1),
(12, 2, 2),
(12, 4, 2),
(13, 4, 1),
(13, 5, 1),
(13, 2, 1),
(14, 2, 2),
(15, 1, 1),
(16, 2, 1),
(16, 4, 1),
(16, 5, 1),
(17, 1, 2),
(17, 2, 3),
(18, 1, 4),
(18, 5, 1),
(19, 1, 1),
(19, 2, 1),
(19, 4, 1),
(19, 5, 1),
(20, 5, 3),
(21, 2, 2),
(21, 4, 1),
(22, 1, 1),
(22, 2, 2),
(23, 2, 1),
(23, 3, 3),
(24, 1, 1),
(24, 4, 1),
(25, 5, 2),
(26, 2, 1),
(26, 3, 3),
(27, 1, 1),
(28, 4, 2),
(29, 5, 1),
(30, 1, 2),
(30, 2, 1),
(31, 3, 3),
(32, 4, 1),
(33, 5, 2),
(34, 1, 1),
(34, 3, 1),
(35, 2, 2),
(36, 4, 1),
(37, 5, 2),
(38, 1, 2),
(39, 2, 1),
(40, 3, 3),
(41, 1, 2),
(41, 2, 1),
(42, 2, 2),
(43, 3, 3),
(44, 4, 1),
(45, 5, 2),
(46, 1, 1),
(46, 2, 1),
(47, 3, 2),
(48, 4, 3),
(49, 5, 1),
(50, 1, 2),
(51, 2, 1),
(52, 3, 4),
(53, 4, 1),
(54, 5, 2),
(55, 1, 1),
(55, 3, 2),
(56, 2, 2),
(57, 1, 1),
(58, 4, 1),
(59, 5, 3),
(60, 1, 1),
(60, 2, 2);